{
  "generated_at": "2026-02-20T03:19:28.199315+00:00",
  "unix_timestamp": 1771557568,
  "block_heights": {
    "base": 42384111,
    "arbitrum": 433954476
  },
  "chains": [
    {
      "chain_id": 8453,
      "chain_name": "Base Mainnet",
      "vault_address": "0x8005bc7A86AD904C20fd62788ABED7546c1cF2AC",
      "total_assets_wei": 57025253230177443,
      "total_assets_eth": 0.057025253230177445,
      "total_supply_wei": 4525596258110492512631217530069219000,
      "total_supply_eth": 4.5255962581104927e+18,
      "solvency_ratio": 1.2600605528604177e-20,
      "rpc_healthy": true,
      "timestamp": 1771557568
    },
    {
      "chain_id": 42161,
      "chain_name": "Arbitrum One",
      "vault_address": "0x503D930dF68a68cdFeb8DEa173ADD8DD377841FF",
      "total_assets_wei": 0,
      "total_assets_eth": 0.0,
      "total_supply_wei": 0,
      "total_supply_eth": 0.0,
      "solvency_ratio": 1.0,
      "rpc_healthy": true,
      "timestamp": 1771557569
    }
  ],
  "total_onchain_assets_eth": 0.05702525,
  "total_onchain_liabilities_eth": 4.5255962581104927e+18,
  "offchain_venue": "Hyperliquid",
  "offchain_equity_usd": 0.01,
  "offchain_equity_eth_equiv": 2.74e-06,
  "offchain_net_delta": 1.0,
  "offchain_short_position_eth": 0.0,
  "total_assets_eth": 0.05702799,
  "total_liabilities_eth": 4.5255962581104927e+18,
  "aggregate_solvency_ratio": 0.0,
  "is_solvent": false,
  "delta_neutral": false,
  "attestation_hash": "0xc589d3b91ac59d569970db1e04bc0da03943a39fd75ec378269a49fc83246402",
  "signature": "0x5c2eaa22344c2645a0a0ea269b7ba3beb85c687547e1be33e5b875f39cdcddc55eacdc6967b6e0a5ca29951293aae0d9bfb111e86dca8ba4c700ab4ca23b1bba1c",
  "signer": "0x57D400cED462a01Ed51a5De038F204Df49690A99",
  "status": "CRITICAL"
}